1;0;Home;
2;1;Seguimiento;
3;2;Seguimiento;
4;2;Seguimiento Rapido;
5;1;Buscar Opos;html/Buscadores.html
8;1;Temarios;
9;8;Temario Administración del Estado;
10;9;Temario comprado;
11;8;Temario unificado Perfiles TIC Madrid Digital;
12;11;Perfiles TIC Madrid Digital;
13;8;Temario UPM;
14;13;Salen en los test;
15;13;Aclaracion;
16;13;Bloque I. Legislación, Derecho Administrativo y Gestión Universitaria;
17;14;Bloque II. Tecnología básica.;
18;15;Bloque III.a. Desarrollo de aplicaciones.;
19;16;Bloque III.b. Infraestructura;
20;8;Temario Mostoles;
21;20;Parte General;
22;20;Parte Especifica;
23;8;Asamblea de Madrid;
24;23;Grupo I;
25;23;Grupo II;
26;23;Examen 1;
27;8;Red.es;
28;27;Temario;